# Redirects of sections to chapters 301

/about-us /about-us/what-we-do/ 301
/about-us/ /about-us/what-we-do/ 301

/work-fundamentals /work-fundamentals/distributed-work/ 301
/work-fundamentals/ /work-fundamentals/distributed-work/ 301

/personal-growth /personal-growth/coaching-and-one-on-ones/ 301
/personal-growth/ /personal-growth/coaching-and-one-on-ones/ 301

/managing-teams /managing-teams/what-engineering-managers-do/ 301
/managing-teams/ /managing-teams/what-engineering-managers-do/ 301

/people-ops /people-ops/hiring/ 301
/people-ops/ /people-ops/hiring/ 301

/internal-projects /internal-projects/blog/ 301
/internal-projects/ /internal-projects/blog/ 301

/company-rituals /company-rituals/all-hands-sessions/ 301
/company-rituals/ /company-rituals/all-hands-sessions/ 301

# Redirects for renamed pages

/about-us/north-stars /about-us/our-values/ 301
/about-us/north-stars/ /about-us/our-values/ 301

/about-us/our-vision /about-us/mission-and-vision/ 301
/about-us/our-vision/ /about-us/mission-and-vision/ 301
